Имя картинки,Прямая ссылка,Ссылка на сайт,Ссылка на яндекс в поиске
Similar_YA_1_p1_9_n1,"=HYPERLINK(""https://168.ru/files/news/full/1379492171.jpg"", ""https://168.ru/files/news/full/1379492171.jpg"")","=HYPERLINK(""https://168.ru/news/other/500--rubley-kotoryie-mogut-spasti-jizn-naste-3212/"", ""https://168.ru/news/other/500--rubley-kotoryie-mogut-spasti-jizn-naste-3212/"")",https://yandex.ru/images/search?cbir_id=4805227%2Fn8s7Z8WFIorcdc0PpvogwA1879&pos=0&rpt=imageview&img_url=https%3A%2F%2F168.ru%2Ffiles%2Fnews%2Ffull%2F1379492171.jpg&from=tabbar&lr=47&cbir_page=similar&url=https%3A%2F%2Favatars.mds.yandex.net%2Fget-images-cbir%2F4805227%2Fn8s7Z8WFIorcdc0PpvogwA1879%2Forig
Similar_YA_1_p1_9_n2,"=HYPERLINK(""https://168.ru/files/news/full/1461568620.jpg"", ""https://168.ru/files/news/full/1461568620.jpg"")","=HYPERLINK(""https://168.ru/news/obshchestvo/23-aprelya-ne-stalo-nasti-maslovoy-12668/"", ""https://168.ru/news/obshchestvo/23-aprelya-ne-stalo-nasti-maslovoy-12668/"")",https://yandex.ru/images/search?cbir_id=4805227%2Fn8s7Z8WFIorcdc0PpvogwA1879&pos=1&rpt=imageview&img_url=https%3A%2F%2F168.ru%2Ffiles%2Fnews%2Ffull%2F1461568620.jpg&from=tabbar&lr=47&cbir_page=similar&url=https%3A%2F%2Favatars.mds.yandex.net%2Fget-images-cbir%2F4805227%2Fn8s7Z8WFIorcdc0PpvogwA1879%2Forig
Similar_YA_1_p1_9_n3,"=HYPERLINK(""https://avt-30.foto.mail.ru/community/nastenkamaslova_/_avatar180?1386697755"", ""https://avt-30.foto.mail.ru/community/nastenkamaslova_/_avatar180?1386697755"")","=HYPERLINK(""https://my.mail.ru/community/nastenkamaslova_/"", ""https://my.mail.ru/community/nastenkamaslova_/"")",https://yandex.ru/images/search?cbir_id=4805227%2Fn8s7Z8WFIorcdc0PpvogwA1879&pos=2&rpt=imageview&img_url=https%3A%2F%2Favt-30.foto.mail.ru%2Fcommunity%2Fnastenkamaslova_%2F_avatar180%3F1386697755&from=tabbar&lr=47&cbir_page=similar&url=https%3A%2F%2Favatars.mds.yandex.net%2Fget-images-cbir%2F4805227%2Fn8s7Z8WFIorcdc0PpvogwA1879%2Forig
Similar_YA_1_p1_9_n4,"=HYPERLINK(""http://s5.hostingkartinok.com/uploads/images/2013/09/a7e98a62e61362c301623e674192ba1c.jpg"", ""http://s5.hostingkartinok.com/uploads/images/2013/09/a7e98a62e61362c301623e674192ba1c.jpg"")","=HYPERLINK(""https://yarportal.ru/topic333537.html?hl=%D0%B8%D0%BA%D0%B5%D1%8F&amp;st=4620"", ""https://yarportal.ru/topic333537.html?hl=%D0%B8%D0%BA%D0%B5%D1%8F&amp;st=4620"")",https://yandex.ru/images/search?cbir_id=4805227%2Fn8s7Z8WFIorcdc0PpvogwA1879&pos=3&rpt=imageview&img_url=http%3A%2F%2Fs5.hostingkartinok.com%2Fuploads%2Fimages%2F2013%2F09%2Fa7e98a62e61362c301623e674192ba1c.jpg&from=tabbar&lr=47&cbir_page=similar&url=https%3A%2F%2Favatars.mds.yandex.net%2Fget-images-cbir%2F4805227%2Fn8s7Z8WFIorcdc0PpvogwA1879%2Forig
Similar_YA_1_p1_19_n1,"=HYPERLINK(""https://pbs.twimg.com/media/A5woAHFCEAEdtsz.jpg:large"", ""https://pbs.twimg.com/media/A5woAHFCEAEdtsz.jpg:large"")","=HYPERLINK(""https://twitter.com/innokspb/status/260126860837523456"", ""https://twitter.com/innokspb/status/260126860837523456"")",https://yandex.ru/images/search?cbir_id=4330659%2FOjlOazouTdOYOLxFsKcgoA8437&pos=0&rpt=imageview&img_url=https%3A%2F%2Fpbs.twimg.com%2Fmedia%2FA5uOOWtCQAANHQ1.jpg&from=tabbar&lr=47&cbir_page=similar&url=https%3A%2F%2Favatars.mds.yandex.net%2Fget-images-cbir%2F4330659%2FOjlOazouTdOYOLxFsKcgoA8437%2Forig
Similar_YA_1_p1_19_n2,"=HYPERLINK(""https://files.germany.ru/wwwthreads/files/6707-22800175-fSQuibp9zls.jpg"", ""https://files.germany.ru/wwwthreads/files/6707-22800175-fSQuibp9zls.jpg"")","=HYPERLINK(""https://groups.germany.ru/888933/f/22658442.html?Cat=&amp;page=&amp;view=&amp;sb=&amp;part=4&amp;vc=1"", ""https://groups.germany.ru/888933/f/22658442.html?Cat=&amp;page=&amp;view=&amp;sb=&amp;part=4&amp;vc=1"")",https://yandex.ru/images/search?cbir_id=4330659%2FOjlOazouTdOYOLxFsKcgoA8437&pos=1&rpt=imageview&img_url=https%3A%2F%2Fsun9-56.userapi.com%2Fimpf%2FsFztxQlQmHVtM-gF03imvH8oKfaaOGi0a2C1Dw%2FPToK8z0FcJ0.jpg%3Fsize%3D604x404%26quality%3D96%26sign%3D69e61d9bac48f4b0c6b6ed6c3a446aa0&from=tabbar&lr=47&cbir_page=similar&url=https%3A%2F%2Favatars.mds.yandex.net%2Fget-images-cbir%2F4330659%2FOjlOazouTdOYOLxFsKcgoA8437%2Forig
Similar_YA_1_p1_19_n5,"=HYPERLINK(""https://old.ww.ru/assets/gallery/30/139.jpg"", ""https://old.ww.ru/assets/gallery/30/139.jpg"")","=HYPERLINK(""https://old.ww.ru/childrens/saved/12.html?page=2"", ""https://old.ww.ru/childrens/saved/12.html?page=2"")",https://yandex.ru/images/search?cbir_id=4330659%2FOjlOazouTdOYOLxFsKcgoA8437&pos=4&rpt=imageview&img_url=https%3A%2F%2Fsun9-41.userapi.com%2Fimpf%2Fc305607%2Fv305607669%2F4ed6%2FkPa2vJBeacA.jpg%3Fsize%3D604x404%26quality%3D96%26sign%3D70d62fbda67ab463014cff96450b5c8e%26type%3Dalbum&from=tabbar&lr=47&cbir_page=similar&url=https%3A%2F%2Favatars.mds.yandex.net%2Fget-images-cbir%2F4330659%2FOjlOazouTdOYOLxFsKcgoA8437%2Forig
Similar_YA_1_p1_24_n1,"=HYPERLINK(""https://pp.userapi.com/c629426/v629426779/1cb34/R_E3lK8zr5M.jpg"", ""https://pp.userapi.com/c629426/v629426779/1cb34/R_E3lK8zr5M.jpg"")","=HYPERLINK(""https://bigbookname.com/user/marina-muzychuk-3575779"", ""https://bigbookname.com/user/marina-muzychuk-3575779"")",https://yandex.ru/images/search?cbir_id=4394897%2FTAGi9qIYfOUgI8sGO8V4XQ1219&pos=0&rpt=imageview&img_url=https%3A%2F%2Fsun9-18.userapi.com%2Fimpf%2Fc628219%2Fv628219994%2F24287%2FhJR8mOv0sFQ.jpg%3Fsize%3D604x427%26quality%3D96%26sign%3D82a069bf13ea834150d1761c9a349d6c%26type%3Dalbum&from=tabbar&lr=47&cbir_page=similar&url=https%3A%2F%2Favatars.mds.yandex.net%2Fget-images-cbir%2F4394897%2FTAGi9qIYfOUgI8sGO8V4XQ1219%2Forig
Similar_YA_1_p1_24_n2,"=HYPERLINK(""http://i.mycdn.me/i?r=AzGBqNaF5OQp2lMpnhRx4DEFHKeGqNfJQ4IugfGKdOipwUPHiTtCvhBChhHMn1bxLoM"", ""http://i.mycdn.me/i?r=AzGBqNaF5OQp2lMpnhRx4DEFHKeGqNfJQ4IugfGKdOipwUPHiTtCvhBChhHMn1bxLoM"")","=HYPERLINK(""https://ok.ru/sosmironlu/topic/64499133109587"", ""https://ok.ru/sosmironlu/topic/64499133109587"")",https://yandex.ru/images/search?cbir_id=4394897%2FTAGi9qIYfOUgI8sGO8V4XQ1219&pos=1&rpt=imageview&img_url=https%3A%2F%2Fi.mycdn.me%2Fi%3Fr%3DAzGBqNaF5OQp2lMpnhRx4DEFHKeGqNfJQ4IugfGKdOipwUPHiTtCvhBChhHMn1bxLoM&from=tabbar&lr=47&cbir_page=similar&url=https%3A%2F%2Favatars.mds.yandex.net%2Fget-images-cbir%2F4394897%2FTAGi9qIYfOUgI8sGO8V4XQ1219%2Forig
Similar_YA_1_p1_24_n3,"=HYPERLINK(""https://sun9-60.userapi.com/c623622/u3095390/video/x_18668a4f.jpg"", ""https://sun9-60.userapi.com/c623622/u3095390/video/x_18668a4f.jpg"")","=HYPERLINK(""https://vk.com/wall-104775610_1407"", ""https://vk.com/wall-104775610_1407"")",https://yandex.ru/images/search?cbir_id=4394897%2FTAGi9qIYfOUgI8sGO8V4XQ1219&pos=2&rpt=imageview&img_url=https%3A%2F%2Fsun9-16.userapi.com%2Fc623226%2Fu1656079%2Fvideo%2Fl_3286ca3e.jpg&from=tabbar&lr=47&cbir_page=similar&url=https%3A%2F%2Favatars.mds.yandex.net%2Fget-images-cbir%2F4394897%2FTAGi9qIYfOUgI8sGO8V4XQ1219%2Forig
Similar_YA_1_p1_24_n4,"=HYPERLINK(""http://cafemam.ru/static_media/contest/normal_20140309140149_548.jpg"", ""http://cafemam.ru/static_media/contest/normal_20140309140149_548.jpg"")","=HYPERLINK(""http://cafemam.ru/contest/4/77/126142"", ""http://cafemam.ru/contest/4/77/126142"")",https://yandex.ru/images/search?cbir_id=4394897%2FTAGi9qIYfOUgI8sGO8V4XQ1219&pos=3&rpt=imageview&img_url=http%3A%2F%2Fcafemam.ru%2Fstatic_media%2Fcontest%2Fnormal_20140309140149_548.jpg&from=tabbar&lr=47&cbir_page=similar&url=https%3A%2F%2Favatars.mds.yandex.net%2Fget-images-cbir%2F4394897%2FTAGi9qIYfOUgI8sGO8V4XQ1219%2Forig
Similar_YA_1_p1_28_n1,"=HYPERLINK(""https://pbs.twimg.com/media/BXdXsO5CcAEMCQG.jpg:large"", ""https://pbs.twimg.com/media/BXdXsO5CcAEMCQG.jpg:large"")","=HYPERLINK(""https://twitter.com/1605896/status/393879909837205504?lang=pl"", ""https://twitter.com/1605896/status/393879909837205504?lang=pl"")",https://yandex.ru/images/search?cbir_id=4081012%2FRTt7MJ6HLMdW1OCO0yTSjw2478&pos=0&rpt=imageview&img_url=https%3A%2F%2Fsun9-13.userapi.com%2Fimpf%2Fc305400%2Fv305400041%2F831d%2FO9k5l__6sxI.jpg%3Fsize%3D604x503%26quality%3D96%26proxy%3D1%26sign%3Df526b69303f3bedfcf978f2a0296ca27&from=tabbar&lr=47&cbir_page=similar&url=https%3A%2F%2Favatars.mds.yandex.net%2Fget-images-cbir%2F4081012%2FRTt7MJ6HLMdW1OCO0yTSjw2478%2Forig
Similar_YA_1_p1_28_n3,"=HYPERLINK(""https://pbs.twimg.com/media/BUrxIPdCIAArm_A.jpg"", ""https://pbs.twimg.com/media/BUrxIPdCIAArm_A.jpg"")","=HYPERLINK(""https://twitter.com/88_maffi?lang=pl"", ""https://twitter.com/88_maffi?lang=pl"")",https://yandex.ru/images/search?cbir_id=4081012%2FRTt7MJ6HLMdW1OCO0yTSjw2478&pos=2&rpt=imageview&img_url=https%3A%2F%2Fpbs.twimg.com%2Fmedia%2FBUrxIPdCIAArm_A.jpg&from=tabbar&lr=47&cbir_page=similar&url=https%3A%2F%2Favatars.mds.yandex.net%2Fget-images-cbir%2F4081012%2FRTt7MJ6HLMdW1OCO0yTSjw2478%2Forig
Similar_YA_1_p1_28_n4,"=HYPERLINK(""https://pbs.twimg.com/profile_images/378800000501324074/1e1f0ae0935188d42fa097d261d32905_400x400.jpeg"", ""https://pbs.twimg.com/profile_images/378800000501324074/1e1f0ae0935188d42fa097d261d32905_400x400.jpeg"")","=HYPERLINK(""https://twitter.com/EkaterinaBardi1/status/391565042937626624"", ""https://twitter.com/EkaterinaBardi1/status/391565042937626624"")",https://yandex.ru/images/search?cbir_id=4081012%2FRTt7MJ6HLMdW1OCO0yTSjw2478&pos=3&rpt=imageview&img_url=https%3A%2F%2Fpbs.twimg.com%2Fprofile_images%2F378800000501324074%2F1e1f0ae0935188d42fa097d261d32905_400x400.jpeg&from=tabbar&lr=47&cbir_page=similar&url=https%3A%2F%2Favatars.mds.yandex.net%2Fget-images-cbir%2F4081012%2FRTt7MJ6HLMdW1OCO0yTSjw2478%2Forig
Similar_YA_1_p1_28_n5,"=HYPERLINK(""https://sun9-75.userapi.com/c638222/v638222806/289a/iV9yVD_Fo4Y.jpg"", ""https://sun9-75.userapi.com/c638222/v638222806/289a/iV9yVD_Fo4Y.jpg"")","=HYPERLINK(""https://vk.com/wall-11030575?offset=60"", ""https://vk.com/wall-11030575?offset=60"")",https://yandex.ru/images/search?cbir_id=4081012%2FRTt7MJ6HLMdW1OCO0yTSjw2478&pos=4&rpt=imageview&img_url=https%3A%2F%2Fsun9-47.userapi.com%2Fc304509%2Fv304509272%2F557d%2F7m2wnwkrgBg.jpg&from=tabbar&lr=47&cbir_page=similar&url=https%3A%2F%2Favatars.mds.yandex.net%2Fget-images-cbir%2F4081012%2FRTt7MJ6HLMdW1OCO0yTSjw2478%2Forig
Similar_YA_2_p1_10_n1,"=HYPERLINK(""https://cs8.pikabu.ru/post_img/2017/07/11/11/1499796411166535928.jpg"", ""https://cs8.pikabu.ru/post_img/2017/07/11/11/1499796411166535928.jpg"")","=HYPERLINK(""https://web.archive.org/save/https://pikabu.ru/@yechuperka"", ""https://web.archive.org/save/https://pikabu.ru/@yechuperka"")",https://yandex.ru/images/search?cbir_page=similar&pos=0&url=https%3A%2F%2Favatars.mds.yandex.net%2Fget-images-cbir%2F4800867%2FYaD9lX6C5zCteq3-NN2wug1757%2Forig&img_url=https%3A%2F%2Fcs8.pikabu.ru%2Fpost_img%2F2017%2F07%2F11%2F11%2F1499796411166535928.jpg&cbir_id=4800867%2FYaD9lX6C5zCteq3-NN2wug1757&lr=47&rpt=imageview
Similar_YA_2_p1_10_n2,"=HYPERLINK(""https://radiovera.ru/wp-content/uploads/2017/11/Kirill-M.jpg"", ""https://radiovera.ru/wp-content/uploads/2017/11/Kirill-M.jpg"")","=HYPERLINK(""https://radiovera.ru/chtobyi-kirill-smog-dyishat-svobodno.html"", ""https://radiovera.ru/chtobyi-kirill-smog-dyishat-svobodno.html"")",https://yandex.ru/images/search?cbir_page=similar&pos=1&url=https%3A%2F%2Favatars.mds.yandex.net%2Fget-images-cbir%2F4800867%2FYaD9lX6C5zCteq3-NN2wug1757%2Forig&img_url=https%3A%2F%2Fradiovera.ru%2Fwp-content%2Fuploads%2F2017%2F11%2FKirill-M.jpg&cbir_id=4800867%2FYaD9lX6C5zCteq3-NN2wug1757&lr=47&rpt=imageview
Similar_YA_2_p1_10_n4,"=HYPERLINK(""https://sun9-2.userapi.com/c637431/v637431038/3028e/9wUXJS6a_as.jpg"", ""https://sun9-2.userapi.com/c637431/v637431038/3028e/9wUXJS6a_as.jpg"")","=HYPERLINK(""https://vk.com/wall376597451_70"", ""https://vk.com/wall376597451_70"")",https://yandex.ru/images/search?cbir_page=similar&pos=3&url=https%3A%2F%2Favatars.mds.yandex.net%2Fget-images-cbir%2F4800867%2FYaD9lX6C5zCteq3-NN2wug1757%2Forig&img_url=https%3A%2F%2Fsun9-38.userapi.com%2Fc837231%2Fv837231224%2F2678b%2FHaXXqo0FEv8.jpg&cbir_id=4800867%2FYaD9lX6C5zCteq3-NN2wug1757&lr=47&rpt=imageview
Similar_YA_2_p1_10_n5,"=HYPERLINK(""https://kidbooms.ru/wp-content/uploads/1/8/4/1846c978784513a18bf81b409f98a9a6.jpg"", ""https://kidbooms.ru/wp-content/uploads/1/8/4/1846c978784513a18bf81b409f98a9a6.jpg"")","=HYPERLINK(""https://kidbooms.ru/cto-delat-pri-silnom-suhom-kasle-u-rebenka-do-rvoty-i-cem-lecit-malysa/"", ""https://kidbooms.ru/cto-delat-pri-silnom-suhom-kasle-u-rebenka-do-rvoty-i-cem-lecit-malysa/"")",https://yandex.ru/images/search?cbir_page=similar&pos=4&url=https%3A%2F%2Favatars.mds.yandex.net%2Fget-images-cbir%2F4800867%2FYaD9lX6C5zCteq3-NN2wug1757%2Forig&img_url=https%3A%2F%2Fkidbooms.ru%2Fwp-content%2Fuploads%2F1%2F8%2F4%2F1846c978784513a18bf81b409f98a9a6.jpg&cbir_id=4800867%2FYaD9lX6C5zCteq3-NN2wug1757&lr=47&rpt=imageview
Similar_YA_2_p1_30_n1,"=HYPERLINK(""http://dprof-skzd.ru/images/Photo%20news/4K96_ZmhrEY.jpg"", ""http://dprof-skzd.ru/images/Photo%20news/4K96_ZmhrEY.jpg"")","=HYPERLINK(""http://dprof-skzd.ru/11-novosti/310-pomogite-vane"", ""http://dprof-skzd.ru/11-novosti/310-pomogite-vane"")",https://yandex.ru/images/search?cbir_page=similar&pos=0&url=https%3A%2F%2Favatars.mds.yandex.net%2Fget-images-cbir%2F4641462%2FtH6UiMBBND-HccnQiz0a_g5988%2Forig&img_url=https%3A%2F%2Fpbs.twimg.com%2Fmedia%2FCeu3bLhWIAEzgx8.jpg&cbir_id=4641462%2FtH6UiMBBND-HccnQiz0a_g5988&lr=47&rpt=imageview
Similar_YA_2_p1_30_n2,"=HYPERLINK(""http://dev.donnews.ru/static/images/2016/04/20/1_4.jpg"", ""http://dev.donnews.ru/static/images/2016/04/20/1_4.jpg"")","=HYPERLINK(""http://dev.donnews.ru/Malenkomu-Vane-iz-Batayska-nuzhna-pomosch_24440"", ""http://dev.donnews.ru/Malenkomu-Vane-iz-Batayska-nuzhna-pomosch_24440"")",https://yandex.ru/images/search?cbir_page=similar&pos=1&url=https%3A%2F%2Favatars.mds.yandex.net%2Fget-images-cbir%2F4641462%2FtH6UiMBBND-HccnQiz0a_g5988%2Forig&img_url=https%3A%2F%2Fpbs.twimg.com%2Fmedia%2FCgedpiyW4AAHzc7.jpg&cbir_id=4641462%2FtH6UiMBBND-HccnQiz0a_g5988&lr=47&rpt=imageview
Similar_YA_2_p1_30_n3,"=HYPERLINK(""http://images.vfl.ru/ii/1459445473/fa8003d8/12105803.jpg"", ""http://images.vfl.ru/ii/1459445473/fa8003d8/12105803.jpg"")","=HYPERLINK(""http://vfl.ru/fotos/fa8003d812105803.html"", ""http://vfl.ru/fotos/fa8003d812105803.html"")",https://yandex.ru/images/search?cbir_page=similar&pos=2&url=https%3A%2F%2Favatars.mds.yandex.net%2Fget-images-cbir%2F4641462%2FtH6UiMBBND-HccnQiz0a_g5988%2Forig&img_url=https%3A%2F%2Fsun9-76.userapi.com%2Fc636828%2Fv636828584%2F5c73%2FK675JwM9esg.jpg&cbir_id=4641462%2FtH6UiMBBND-HccnQiz0a_g5988&lr=47&rpt=imageview
Similar_YA_2_p1_30_n5,"=HYPERLINK(""https://sun9-51.userapi.com/c636231/v636231772/5149/ATT8Ut2IIb0.jpg"", ""https://sun9-51.userapi.com/c636231/v636231772/5149/ATT8Ut2IIb0.jpg"")","=HYPERLINK(""https://vk.com/wall11083978_685"", ""https://vk.com/wall11083978_685"")",https://yandex.ru/images/search?cbir_page=similar&pos=4&url=https%3A%2F%2Favatars.mds.yandex.net%2Fget-images-cbir%2F4641462%2FtH6UiMBBND-HccnQiz0a_g5988%2Forig&img_url=https%3A%2F%2Fsun9-1.userapi.com%2Fimpf%2Fc636231%2Fv636231772%2F514a%2FM7kTHGRbsdo.jpg%3Fsize%3D320x213%26quality%3D96%26sign%3D55f789f4c6981d13dc03d27578cd88d2%26type%3Dalbum&cbir_id=4641462%2FtH6UiMBBND-HccnQiz0a_g5988&lr=47&rpt=imageview
